,User Throughput (Mbps),Cell Throughput (Mbps),Radio Bearers Traffic (GB),Downlink Traffic Volume (GB),Uplink Traffic Volume (GB),Signal Quality (SINR),Day of Week,Network Type (4G/5G),Month,Hour
0,28.36,218.54,179.69,437.08,109.27,10.03,2,1,6,0
1,26.56,477.82,62.79,955.64,238.91,7.0,2,1,6,1
2,6.15,379.4,108.21,758.8,189.7,16.86,2,1,6,2
3,20.36,319.4,173.0,638.8,159.7,5.25,2,0,6,3
4,22.11,120.21,127.56,240.42,60.105,7.12,2,1,6,4
5,22.95,120.2,95.44,240.4,60.1,25.19,2,1,6,5
6,31.11,76.14,176.03,152.28,38.07,24.29,2,0,6,6
7,29.01,439.78,130.7,879.56,219.89,27.88,2,0,6,7
8,32.36,320.5,114.53,641.0,160.25,26.36,2,0,6,8
9,39.42,368.63,166.0,737.26,184.315,22.08,2,0,6,9
10,41.58,59.26,83.32,118.52,29.63,6.31,2,0,6,10
11,37.32,486.46,281.94,972.92,243.23,24.57,2,0,6,11
12,48.0,424.6,266.93,849.2,212.3,26.14,2,1,6,12
13,5.82,145.55,226.91,291.1,72.775,24.98,2,1,6,13
14,13.81,131.82,76.55,263.64,65.91,17.71,2,1,6,14
15,5.34,132.53,243.97,265.06,66.265,10.82,2,1,6,15
16,34.14,186.91,251.99,373.82,93.455,26.13,2,1,6,16
17,45.41,286.14,241.94,572.28,143.07,23.18,2,1,6,17
18,15.96,244.38,78.49,488.76,122.19,29.52,2,0,6,18
19,46.72,181.05,210.98,362.1,90.525,8.89,2,0,6,19
20,7.71,325.33,258.58,650.66,162.665,10.64,2,0,6,20
21,47.05,112.77,194.34,225.54,56.385,10.29,2,1,6,21
22,20.82,181.47,211.6,362.94,90.735,24.81,2,1,6,22
23,9.56,214.86,164.59,429.72,107.43,9.67,2,0,6,23
24,26.86,255.23,182.18,510.46,127.615,6.67,3,0,6,0
25,16.55,403.33,58.59,806.66,201.665,29.96,3,0,6,1
26,17.82,139.85,209.74,279.7,69.925,5.62,3,0,6,2
27,18.83,281.41,70.36,562.82,140.705,25.88,3,0,6,3
28,41.14,316.59,158.75,633.18,158.295,14.13,3,1,6,4
29,29.26,70.9,123.16,141.8,35.45,26.04,3,1,6,5
30,19.01,323.4,186.36,646.8,161.7,18.87,3,1,6,6
31,32.47,126.74,83.35,253.48,63.37,27.54,3,0,6,7
32,37.23,79.27,222.91,158.54,39.635,28.15,3,1,6,8
33,17.27,477.0,248.75,954.0,238.5,5.23,3,0,6,9
34,23.61,484.53,90.84,969.06,242.265,6.89,3,1,6,10
35,10.48,413.78,76.08,827.56,206.89,11.26,3,0,6,11
36,13.15,187.08,86.38,374.16,93.54,21.73,3,0,6,12
37,35.65,93.95,269.28,187.9,46.975,27.21,3,1,6,13
38,13.16,357.9,182.05,715.8,178.95,16.5,3,1,6,14
39,28.63,248.07,166.82,496.14,124.035,20.17,3,1,6,15
40,36.91,104.92,76.68,209.84,52.46,9.71,3,1,6,16
41,9.81,272.83,212.39,545.66,136.415,25.12,3,1,6,17
42,30.53,65.47,267.0,130.94,32.735,29.18,3,0,6,18
43,16.55,459.19,257.05,918.38,229.595,11.71,3,1,6,19
44,48.33,166.45,206.51,332.9,83.225,17.37,3,1,6,20
45,26.76,348.14,68.82,696.28,174.07,7.15,3,0,6,21
46,41.27,190.27,78.1,380.54,95.135,18.98,3,1,6,22
47,29.76,284.03,62.33,568.06,142.015,17.57,3,0,6,23
48,6.95,296.02,114.37,592.04,148.01,8.61,1,1,6,0
49,33.49,133.18,83.92,266.36,66.59,16.05,1,1,6,1
50,47.81,486.31,115.01,972.62,243.155,13.35,1,0,6,2
51,32.07,398.81,146.26,797.62,199.405,18.05,1,1,6,3
52,41.86,472.77,285.75,945.54,236.385,19.64,1,1,6,4
53,44.79,452.67,202.59,905.34,226.335,5.21,1,1,6,5
54,15.26,319.05,258.74,638.1,159.525,24.03,1,1,6,6
55,14.54,464.84,227.59,929.68,232.42,22.83,1,0,6,7
56,32.49,89.82,78.13,179.64,44.91,14.16,1,0,6,8
57,23.5,138.19,233.98,276.38,69.095,6.32,1,1,6,9
58,42.79,70.35,118.77,140.7,35.175,23.87,1,1,6,10
59,45.5,196.4,209.78,392.8,98.2,28.88,1,0,6,11
60,20.9,224.9,135.24,449.8,112.45,11.0,1,0,6,12
61,15.66,172.11,299.42,344.22,86.055,13.09,1,1,6,13
62,40.12,422.93,115.89,845.86,211.465,9.6,1,0,6,14
63,17.37,210.54,119.78,421.08,105.27,19.42,1,0,6,15
64,42.02,176.42,282.67,352.84,88.21,8.87,1,0,6,16
65,24.07,294.21,56.16,588.42,147.105,13.9,1,0,6,17
66,35.04,113.42,224.17,226.84,56.71,22.43,1,1,6,18
67,9.3,410.99,231.33,821.98,205.495,19.0,1,0,6,19
68,33.07,83.55,259.09,167.1,41.775,14.66,1,1,6,20
69,25.33,494.1,293.61,988.2,247.05,15.51,1,1,6,21
70,31.4,397.51,293.9,795.02,198.755,19.05,1,0,6,22
71,12.56,139.42,66.32,278.84,69.71,5.15,1,1,6,23
72,38.16,52.48,255.46,104.96,26.24,6.96,5,1,6,0
73,43.83,416.96,211.58,833.92,208.48,27.03,5,0,6,1
74,14.75,368.09,211.84,736.18,184.045,6.95,5,0,6,2
75,9.31,378.05,82.09,756.1,189.025,22.67,5,0,6,3
76,6.06,397.07,212.55,794.14,198.535,28.0,5,1,6,4
77,33.89,83.32,295.62,166.64,41.66,11.77,5,1,6,5
78,32.32,211.31,277.95,422.62,105.655,14.26,5,1,6,6
79,29.6,102.14,159.78,204.28,51.07,19.22,5,1,6,7
80,15.44,438.4,59.99,876.8,219.2,27.04,5,0,6,8
81,22.59,330.48,140.57,660.96,165.24,28.55,5,1,6,9
82,31.75,198.9,256.6,397.8,99.45,23.49,5,0,6,10
83,27.35,78.6,225.37,157.2,39.3,7.17,5,0,6,11
84,49.45,189.94,164.84,379.88,94.97,21.73,5,0,6,12
85,11.14,196.33,63.78,392.66,98.165,15.26,5,0,6,13
86,36.28,378.32,156.72,756.64,189.16,16.77,5,1,6,14
87,23.19,336.9,167.26,673.8,168.45,6.23,5,0,6,15
88,24.27,449.25,282.14,898.5,224.625,9.78,5,1,6,16
89,37.29,262.5,210.27,525.0,131.25,24.76,5,0,6,17
90,36.16,103.82,127.91,207.64,51.91,16.35,5,0,6,18
91,49.61,370.96,181.33,741.92,185.48,12.54,5,0,6,19
92,10.78,392.35,66.51,784.7,196.175,14.6,5,1,6,20
93,9.68,302.57,293.14,605.14,151.285,26.36,5,0,6,21
94,37.6,396.94,140.01,793.88,198.47,23.72,5,0,6,22
95,31.03,272.21,169.47,544.42,136.105,11.81,5,0,6,23
96,17.34,285.23,138.82,570.46,142.615,7.94,6,0,6,0
97,8.57,242.39,220.63,484.78,121.195,11.3,6,1,6,1
98,8.85,61.44,215.56,122.88,30.72,28.02,6,1,6,2
99,45.24,98.55,228.83,197.1,49.275,19.54,6,0,6,3
100,13.63,64.14,117.04,128.28,32.07,18.34,6,0,6,4
101,19.55,336.38,128.92,672.76,168.19,19.91,6,1,6,5
102,15.2,191.46,81.31,382.92,95.73,14.15,6,1,6,6
103,20.97,278.86,213.88,557.72,139.43,25.18,6,1,6,7
104,8.12,458.4,59.95,916.8,229.2,18.08,6,0,6,8
105,28.36,162.18,199.42,324.36,81.09,7.92,6,1,6,9
106,8.04,234.67,267.42,469.34,117.335,8.23,6,0,6,10
107,41.02,390.0,272.71,780.0,195.0,18.42,6,1,6,11
108,15.52,152.96,162.26,305.92,76.48,28.41,6,1,6,12
109,29.3,84.64,164.83,169.28,42.32,12.71,6,0,6,13
110,44.6,180.39,69.24,360.78,90.195,26.74,6,1,6,14
111,34.29,122.55,217.69,245.1,61.275,24.1,6,0,6,15
112,28.98,468.36,255.31,936.72,234.18,11.2,6,1,6,16
113,19.6,413.65,111.16,827.3,206.825,5.91,6,0,6,17
114,19.99,335.03,155.33,670.06,167.515,7.55,6,1,6,18
115,35.13,442.16,259.71,884.32,221.08,23.21,6,1,6,19
116,49.74,411.65,269.28,823.3,205.825,9.99,6,0,6,20
117,34.78,133.96,110.79,267.92,66.98,14.28,6,0,6,21
118,30.1,451.65,187.64,903.3,225.825,17.54,6,0,6,22
119,37.88,292.7,98.12,585.4,146.35,23.14,6,0,6,23
120,25.93,413.35,75.47,826.7,206.675,7.83,4,1,6,0
121,7.71,453.24,277.78,906.48,226.62,15.16,4,1,6,1
122,30.3,193.1,255.13,386.2,96.55,17.13,4,1,6,2
123,48.09,99.52,240.01,199.04,49.76,18.52,4,1,6,3
124,12.89,152.57,62.19,305.14,76.285,25.46,4,1,6,4
125,36.05,242.2,260.93,484.4,121.1,9.29,4,1,6,5
126,14.04,418.11,159.51,836.22,209.055,25.2,4,0,6,6
127,29.11,437.33,135.6,874.66,218.665,22.32,4,1,6,7
128,9.35,53.13,186.62,106.26,26.565,18.9,4,1,6,8
129,25.27,279.84,72.84,559.68,139.92,22.49,4,0,6,9
130,39.03,237.83,239.16,475.66,118.915,15.3,4,1,6,10
131,20.64,149.95,195.61,299.9,74.975,8.46,4,1,6,11
132,34.92,103.94,96.65,207.88,51.97,21.64,4,1,6,12
133,40.8,201.93,97.06,403.86,100.965,18.12,4,0,6,13
134,46.72,474.31,96.06,948.62,237.155,20.98,4,0,6,14
135,15.56,195.44,64.25,390.88,97.72,13.45,4,1,6,15
136,22.97,283.46,196.95,566.92,141.73,27.67,4,0,6,16
137,11.86,366.36,260.09,732.72,183.18,19.68,4,1,6,17
138,49.66,213.63,54.37,427.26,106.815,7.14,4,1,6,18
139,46.72,487.3,62.25,974.6,243.65,16.25,4,1,6,19
140,29.3,483.1,193.19,966.2,241.55,23.91,4,0,6,20
141,42.89,163.3,254.87,326.6,81.65,24.85,4,1,6,21
142,28.44,273.76,131.68,547.52,136.88,17.36,4,1,6,22
143,33.06,185.4,137.4,370.8,92.7,27.37,4,1,6,23
144,9.01,178.18,199.09,356.36,89.09,11.69,0,1,6,0
145,38.99,66.6,118.55,133.2,33.3,15.26,0,1,6,1
146,10.75,324.3,56.65,648.6,162.15,27.46,0,0,6,2
147,42.17,276.21,233.81,552.42,138.105,27.41,0,1,6,3
148,40.19,73.17,206.41,146.34,36.585,22.14,0,0,6,4
149,36.89,175.39,195.19,350.78,87.695,26.47,0,1,6,5
150,6.63,458.72,235.42,917.44,229.36,7.22,0,0,6,6
151,18.64,157.8,218.81,315.6,78.9,26.62,0,1,6,7
152,16.84,115.2,101.47,230.4,57.6,13.02,0,1,6,8
153,21.21,270.25,138.12,540.5,135.125,9.46,0,0,6,9
154,8.94,493.54,81.53,987.08,246.77,10.98,0,0,6,10
155,47.16,158.92,82.46,317.84,79.46,15.45,0,1,6,11
156,29.92,352.46,219.05,704.92,176.23,11.28,0,0,6,12
157,18.75,392.73,264.65,785.46,196.365,13.01,0,0,6,13
158,22.86,156.94,290.68,313.88,78.47,8.37,0,1,6,14
159,25.12,377.7,207.09,755.4,188.85,12.4,0,1,6,15
160,32.03,215.5,96.03,431.0,107.75,19.31,0,1,6,16
161,28.21,334.54,76.41,669.08,167.27,16.05,0,1,6,17
162,46.37,335.09,253.21,670.18,167.545,13.67,0,1,6,18
163,27.36,291.1,194.69,582.2,145.55,23.66,0,0,6,19
164,49.65,90.63,204.57,181.26,45.315,27.34,0,1,6,20
165,43.31,425.89,245.37,851.78,212.945,23.92,0,0,6,21
166,14.38,194.35,225.82,388.7,97.175,13.3,0,1,6,22
167,46.88,133.93,258.61,267.86,66.965,23.61,0,1,6,23
168,10.24,68.35,64.05,136.7,34.175,8.8,2,0,6,0
169,41.79,315.9,236.88,631.8,157.95,8.26,2,1,6,1
170,22.13,354.9,262.71,709.8,177.45,13.64,2,0,6,2
171,44.51,57.46,121.53,114.92,28.73,25.19,2,0,6,3
172,44.06,280.44,210.11,560.88,140.22,11.16,2,0,6,4
173,41.27,151.92,128.54,303.84,75.96,6.58,2,1,6,5
174,40.55,340.33,289.49,680.66,170.165,8.29,2,1,6,6
175,18.71,128.46,58.36,256.92,64.23,26.47,2,1,6,7
176,8.64,360.92,194.95,721.84,180.46,20.84,2,1,6,8
177,23.13,224.03,91.63,448.06,112.015,11.33,2,1,6,9
178,12.81,471.53,228.06,943.06,235.765,18.88,2,1,6,10
179,36.27,111.88,93.97,223.76,55.94,18.19,2,0,6,11
180,20.57,203.48,108.85,406.96,101.74,21.39,2,1,6,12
181,48.9,101.06,173.59,202.12,50.53,10.83,2,1,6,13
182,33.84,466.11,278.71,932.22,233.055,26.61,2,1,6,14
183,42.01,444.8,102.93,889.6,222.4,12.73,2,1,6,15
184,10.96,166.07,86.06,332.14,83.035,22.35,2,0,6,16
185,43.79,346.99,239.74,693.98,173.495,5.4,2,0,6,17
186,46.52,417.75,175.15,835.5,208.875,14.32,2,0,6,18
187,26.92,299.84,277.95,599.68,149.92,13.79,2,0,6,19
188,32.28,288.34,86.65,576.68,144.17,18.59,2,0,6,20
189,39.42,158.83,211.48,317.66,79.415,6.82,2,1,6,21
190,12.87,91.9,108.22,183.8,45.95,24.75,2,0,6,22
191,27.62,453.75,89.19,907.5,226.875,10.44,2,0,6,23
192,22.94,455.19,220.86,910.38,227.595,21.93,3,1,6,0
193,11.59,334.9,198.42,669.8,167.45,25.08,3,1,6,1
194,21.54,202.56,238.71,405.12,101.28,19.05,3,0,6,2
195,8.07,207.14,127.37,414.28,103.57,23.52,3,1,6,3
196,6.16,376.68,161.99,753.36,188.34,21.55,3,1,6,4
197,11.08,453.7,151.37,907.4,226.85,13.89,3,0,6,5
198,48.34,449.19,296.02,898.38,224.595,25.22,3,1,6,6
199,29.73,400.94,123.06,801.88,200.47,12.37,3,0,6,7
200,48.46,338.91,123.7,677.82,169.455,19.28,3,0,6,8
201,24.46,87.86,138.64,175.72,43.93,23.63,3,1,6,9
202,19.03,122.73,191.15,245.46,61.365,14.47,3,0,6,10
203,27.78,454.35,113.08,908.7,227.175,12.57,3,0,6,11
204,24.78,322.89,278.82,645.78,161.445,16.48,3,1,6,12
205,9.75,54.14,116.42,108.28,27.07,25.45,3,1,6,13
206,33.84,95.66,273.95,191.32,47.83,28.25,3,1,6,14
207,14.72,348.58,75.87,697.16,174.29,18.63,3,1,6,15
208,32.88,52.28,214.14,104.56,26.14,21.54,3,0,6,16
209,34.26,122.36,276.75,244.72,61.18,27.58,3,1,6,17
210,11.84,296.93,92.19,593.86,148.465,7.46,3,1,6,18
211,7.76,361.35,292.08,722.7,180.675,10.8,3,0,6,19
212,40.13,343.38,163.22,686.76,171.69,22.72,3,0,6,20
213,25.69,150.92,286.43,301.84,75.46,25.59,3,0,6,21
214,7.62,370.48,219.21,740.96,185.24,26.43,3,0,6,22
215,49.77,156.76,125.4,313.52,78.38,15.38,3,1,6,23
216,7.6,196.43,97.08,392.86,98.215,7.23,1,1,6,0
217,36.28,385.92,125.93,771.84,192.96,15.94,1,0,6,1
218,49.27,342.33,73.25,684.66,171.165,10.77,1,0,6,2
219,15.76,432.15,85.97,864.3,216.075,12.28,1,0,6,3
220,11.4,345.93,76.17,691.86,172.965,24.31,1,0,6,4
221,10.46,305.74,155.74,611.48,152.87,6.89,1,1,6,5
222,18.65,92.15,248.89,184.3,46.075,25.69,1,0,6,6
223,9.55,215.47,85.35,430.94,107.735,15.69,1,1,6,7
224,36.15,169.34,82.58,338.68,84.67,19.9,1,0,6,8
225,7.8,159.8,210.86,319.6,79.9,7.24,1,1,6,9
226,27.92,487.85,99.3,975.7,243.925,13.43,1,1,6,10
227,49.85,226.89,74.4,453.78,113.445,7.24,1,1,6,11
228,41.63,451.42,91.71,902.84,225.71,29.04,1,1,6,12
229,32.68,334.01,280.93,668.02,167.005,25.18,1,0,6,13
230,18.78,407.67,255.37,815.34,203.835,16.49,1,1,6,14
231,33.08,276.19,138.52,552.38,138.095,10.59,1,0,6,15
232,28.72,309.61,213.96,619.22,154.805,28.34,1,1,6,16
233,24.17,271.63,184.32,543.26,135.815,13.61,1,1,6,17
234,10.88,137.86,219.28,275.72,68.93,9.02,1,0,6,18
235,44.9,375.1,220.67,750.2,187.55,19.08,1,0,6,19
236,25.24,176.35,207.18,352.7,88.175,28.59,1,1,6,20
237,13.76,60.94,116.53,121.88,30.47,5.1,1,1,6,21
238,21.55,340.46,59.75,680.92,170.23,10.95,1,0,6,22
239,23.64,129.7,163.89,259.4,64.85,28.46,1,1,6,23
240,42.24,473.21,272.74,946.42,236.605,9.28,5,0,6,0
241,38.01,479.27,192.37,958.54,239.635,7.83,5,0,6,1
242,39.62,461.69,258.1,923.38,230.845,19.25,5,0,6,2
243,5.5,216.57,297.91,433.14,108.285,26.55,5,1,6,3
244,23.73,56.96,90.9,113.92,28.48,16.93,5,1,6,4
245,26.66,467.74,222.94,935.48,233.87,29.86,5,0,6,5
246,5.86,242.68,218.57,485.36,121.34,21.98,5,0,6,6
247,16.69,484.99,294.99,969.98,242.495,6.85,5,0,6,7
248,39.21,483.63,296.4,967.26,241.815,29.82,5,0,6,8
249,11.17,433.85,221.67,867.7,216.925,15.2,5,1,6,9
250,29.09,182.5,110.9,365.0,91.25,12.19,5,0,6,10
251,14.68,223.29,249.64,446.58,111.645,18.95,5,1,6,11
252,5.55,433.01,76.76,866.02,216.505,12.61,5,0,6,12
253,15.85,192.61,245.17,385.22,96.305,7.16,5,1,6,13
254,48.91,126.27,277.55,252.54,63.135,5.04,5,1,6,14
255,41.07,300.56,145.71,601.12,150.28,16.24,5,1,6,15
256,48.18,471.27,207.66,942.54,235.635,25.92,5,1,6,16
257,26.95,363.21,157.54,726.42,181.605,19.31,5,1,6,17
258,9.94,306.53,159.44,613.06,153.265,29.98,5,0,6,18
259,29.66,93.73,127.59,187.46,46.865,12.17,5,0,6,19
260,25.45,326.75,240.53,653.5,163.375,12.01,5,1,6,20
261,43.0,495.52,284.04,991.04,247.76,8.99,5,0,6,21
262,9.41,113.04,285.19,226.08,56.52,9.1,5,0,6,22
263,26.97,283.25,93.7,566.5,141.625,12.13,5,0,6,23
264,11.75,444.82,268.69,889.64,222.41,24.82,6,0,6,0
265,19.61,383.35,234.36,766.7,191.675,27.64,6,0,6,1
266,38.18,363.66,113.21,727.32,181.83,29.38,6,0,6,2
267,26.42,366.12,66.82,732.24,183.06,10.81,6,0,6,3
268,21.91,211.77,117.0,423.54,105.885,27.03,6,1,6,4
269,22.75,182.12,278.05,364.24,91.06,13.21,6,0,6,5
270,25.68,414.21,208.29,828.42,207.105,7.82,6,0,6,6
271,40.33,414.55,230.26,829.1,207.275,26.75,6,0,6,7
272,45.14,440.18,114.29,880.36,220.09,20.9,6,1,6,8
273,47.99,460.96,229.85,921.92,230.48,9.12,6,1,6,9
274,40.41,280.1,57.03,560.2,140.05,15.75,6,0,6,10
275,19.19,275.68,143.83,551.36,137.84,12.18,6,1,6,11
276,35.97,409.23,206.69,818.46,204.615,23.42,6,1,6,12
277,24.69,342.48,86.52,684.96,171.24,16.34,6,0,6,13
278,16.46,365.89,255.75,731.78,182.945,29.73,6,1,6,14
279,42.84,408.11,108.76,816.22,204.055,6.37,6,0,6,15
280,6.73,450.5,213.07,901.0,225.25,13.88,6,1,6,16
281,45.58,202.1,151.3,404.2,101.05,17.05,6,0,6,17
282,25.77,219.01,199.01,438.02,109.505,17.58,6,1,6,18
283,33.67,92.29,76.86,184.58,46.145,12.9,6,0,6,19
284,34.67,310.23,54.23,620.46,155.115,23.23,6,0,6,20
285,45.28,66.17,277.39,132.34,33.085,26.87,6,1,6,21
286,33.65,259.52,117.41,519.04,129.76,28.47,6,0,6,22
287,32.63,294.19,254.92,588.38,147.095,25.13,6,0,6,23
288,8.0,178.94,299.84,357.88,89.47,26.26,4,1,6,0
289,28.33,315.87,102.86,631.74,157.935,18.76,4,0,6,1
290,11.76,63.73,116.29,127.46,31.865,25.65,4,0,6,2
291,38.18,66.81,215.71,133.62,33.405,12.59,4,1,6,3
292,28.05,420.17,291.36,840.34,210.085,14.96,4,0,6,4
293,35.61,212.09,278.95,424.18,106.045,12.92,4,1,6,5
294,6.88,107.18,175.72,214.36,53.59,16.68,4,0,6,6
295,8.82,285.01,248.78,570.02,142.505,12.14,4,1,6,7
296,37.23,396.5,83.94,793.0,198.25,29.04,4,1,6,8
297,8.24,147.12,294.36,294.24,73.56,12.82,4,0,6,9
298,8.21,330.3,291.09,660.6,165.15,7.45,4,1,6,10
299,5.54,88.41,90.93,176.82,44.205,18.17,4,0,6,11
300,48.04,73.26,124.86,146.52,36.63,6.43,4,0,6,12
301,38.19,289.11,75.04,578.22,144.555,7.76,4,1,6,13
302,20.9,293.29,117.93,586.58,146.645,10.48,4,0,6,14
303,18.34,336.84,253.99,673.68,168.42,16.61,4,0,6,15
304,20.74,376.74,144.58,753.48,188.37,15.83,4,1,6,16
305,39.86,489.13,72.1,978.26,244.565,24.99,4,0,6,17
306,34.76,282.34,135.56,564.68,141.17,23.49,4,0,6,18
307,13.33,195.33,295.35,390.66,97.665,15.66,4,1,6,19
308,12.83,407.83,207.42,815.66,203.915,13.34,4,0,6,20
309,9.43,171.87,154.04,343.74,85.935,12.91,4,0,6,21
310,34.71,247.54,91.63,495.08,123.77,24.35,4,1,6,22
311,39.4,85.31,296.54,170.62,42.655,6.3,4,0,6,23
312,16.93,61.41,255.21,122.82,30.705,5.32,0,0,6,0
313,5.94,483.19,120.37,966.38,241.595,24.89,0,1,6,1
314,8.7,426.19,67.52,852.38,213.095,16.93,0,0,6,2
315,48.55,363.19,64.16,726.38,181.595,8.27,0,0,6,3
316,18.3,234.03,80.09,468.06,117.015,10.89,0,1,6,4
317,39.62,127.98,195.19,255.96,63.99,28.31,0,1,6,5
318,33.11,120.4,282.19,240.8,60.2,26.49,0,0,6,6
319,22.19,162.61,174.19,325.22,81.305,22.74,0,0,6,7
320,14.26,297.15,260.74,594.3,148.575,17.06,0,1,6,8
321,10.46,371.57,161.47,743.14,185.785,18.01,0,0,6,9
322,32.68,347.09,227.15,694.18,173.545,29.38,0,0,6,10
323,39.86,175.97,232.97,351.94,87.985,29.14,0,0,6,11
324,33.98,479.69,93.49,959.38,239.845,10.38,0,1,6,12
325,28.86,382.05,140.3,764.1,191.025,25.28,0,0,6,13
326,6.89,299.46,209.33,598.92,149.73,9.93,0,0,6,14
327,48.58,325.27,67.67,650.54,162.635,10.34,0,1,6,15
328,40.94,238.82,140.39,477.64,119.41,21.9,0,1,6,16
329,18.18,161.48,183.7,322.96,80.74,15.13,0,1,6,17
330,49.1,210.19,299.06,420.38,105.095,28.29,0,0,6,18
331,32.08,391.03,168.63,782.06,195.515,7.23,0,0,6,19
332,31.21,56.48,254.01,112.96,28.24,17.79,0,1,6,20
333,38.66,102.23,158.02,204.46,51.115,27.96,0,0,6,21
334,41.53,70.7,249.1,141.4,35.35,27.6,0,0,6,22
335,34.54,68.33,198.85,136.66,34.165,8.91,0,0,6,23
336,10.76,434.96,271.65,869.92,217.48,14.17,2,0,6,0
337,20.22,366.65,152.74,733.3,183.325,20.48,2,1,6,1
338,46.76,263.38,201.08,526.76,131.69,8.98,2,1,6,2
339,15.11,94.03,207.5,188.06,47.015,29.2,2,0,6,3
340,21.75,271.23,154.35,542.46,135.615,27.87,2,1,6,4
341,24.44,263.06,86.08,526.12,131.53,9.17,2,0,6,5
342,24.77,127.94,73.39,255.88,63.97,8.03,2,0,6,6
343,32.58,245.23,54.17,490.46,122.615,7.14,2,1,6,7
344,47.44,229.33,268.38,458.66,114.665,27.74,2,1,6,8
345,15.83,327.13,109.12,654.26,163.565,9.84,2,0,6,9
346,10.47,335.79,102.88,671.58,167.895,15.41,2,0,6,10
347,13.89,70.39,234.01,140.78,35.195,16.22,2,0,6,11
348,44.91,218.58,130.0,437.16,109.29,19.98,2,0,6,12
349,34.06,331.64,176.51,663.28,165.82,6.79,2,1,6,13
350,17.87,276.41,90.63,552.82,138.205,10.67,2,1,6,14
351,41.72,435.42,289.94,870.84,217.71,28.29,2,0,6,15
352,43.76,346.41,262.9,692.82,173.205,27.71,2,0,6,16
353,43.09,123.32,265.95,246.64,61.66,24.53,2,1,6,17
354,46.35,81.76,151.69,163.52,40.88,5.49,2,0,6,18
355,16.35,339.09,240.59,678.18,169.545,13.18,2,1,6,19
356,38.98,61.93,85.97,123.86,30.965,20.7,2,0,6,20
357,25.72,313.6,52.15,627.2,156.8,11.88,2,1,6,21
358,42.89,473.1,54.99,946.2,236.55,27.74,2,0,6,22
359,37.78,308.96,196.65,617.92,154.48,20.85,2,0,6,23
360,39.94,224.68,163.85,449.36,112.34,6.8,3,0,6,0
361,34.53,339.48,179.5,678.96,169.74,27.73,3,1,6,1
362,12.98,256.21,51.87,512.42,128.105,28.94,3,1,6,2
363,29.53,295.53,155.67,591.06,147.765,6.94,3,0,6,3
364,49.31,473.66,229.52,947.32,236.83,18.31,3,0,6,4
365,47.18,223.75,160.67,447.5,111.875,12.58,3,0,6,5
366,6.94,482.54,233.05,965.08,241.27,14.82,3,0,6,6
367,12.42,457.41,108.25,914.82,228.705,9.49,3,1,6,7
368,10.93,138.11,253.29,276.22,69.055,19.45,3,1,6,8
369,37.67,81.21,197.11,162.42,40.605,28.95,3,1,6,9
370,41.8,95.35,102.69,190.7,47.675,17.58,3,0,6,10
371,14.61,58.2,109.18,116.4,29.1,7.07,3,0,6,11
372,27.76,92.5,207.01,185.0,46.25,20.5,3,1,6,12
373,42.83,357.35,257.48,714.7,178.675,13.51,3,0,6,13
374,37.98,82.03,153.91,164.06,41.015,26.4,3,1,6,14
375,29.4,193.54,114.58,387.08,96.77,15.87,3,1,6,15
376,31.57,430.19,266.75,860.38,215.095,9.82,3,1,6,16
377,27.88,60.47,217.32,120.94,30.235,9.78,3,1,6,17
378,18.39,416.51,162.02,833.02,208.255,24.22,3,0,6,18
379,30.43,176.83,171.98,353.66,88.415,11.64,3,1,6,19
380,36.0,103.17,101.06,206.34,51.585,24.18,3,0,6,20
381,44.3,363.53,206.7,727.06,181.765,10.15,3,1,6,21
382,33.63,333.02,139.69,666.04,166.51,13.04,3,1,6,22
383,39.25,444.86,298.91,889.72,222.43,16.64,3,1,6,23
384,12.2,380.78,170.05,761.56,190.39,28.58,1,1,6,0
385,25.77,411.57,171.47,823.14,205.785,28.29,1,0,6,1
386,5.42,176.92,191.46,353.84,88.46,10.17,1,0,6,2
387,16.1,129.85,279.19,259.7,64.925,13.96,1,0,6,3
388,37.69,387.78,250.2,775.56,193.89,8.73,1,0,6,4
389,49.63,413.08,162.78,826.16,206.54,17.75,1,1,6,5
390,9.46,495.73,229.67,991.46,247.865,16.51,1,0,6,6
391,23.07,235.68,196.56,471.36,117.84,27.52,1,0,6,7
392,41.0,217.41,173.09,434.82,108.705,28.25,1,1,6,8
393,14.18,399.39,98.08,798.78,199.695,14.59,1,0,6,9
394,29.98,203.36,165.98,406.72,101.68,17.29,1,0,6,10
395,37.99,468.84,111.45,937.68,234.42,27.41,1,0,6,11
396,32.72,436.29,278.71,872.58,218.145,25.17,1,0,6,12
397,13.46,243.05,133.85,486.1,121.525,5.09,1,1,6,13
398,20.99,387.89,288.07,775.78,193.945,13.0,1,1,6,14
399,40.27,389.54,183.26,779.08,194.77,15.54,1,0,6,15
400,29.94,96.41,207.89,192.82,48.205,10.74,1,1,6,16
401,5.24,456.15,185.74,912.3,228.075,9.99,1,0,6,17
402,39.24,277.36,82.35,554.72,138.68,5.94,1,0,6,18
403,6.59,421.91,143.96,843.82,210.955,21.08,1,0,6,19
404,38.56,194.02,74.79,388.04,97.01,11.56,1,1,6,20
405,14.11,452.99,205.74,905.98,226.495,6.31,1,1,6,21
406,48.11,225.14,161.72,450.28,112.57,10.77,1,1,6,22
407,21.56,54.88,244.5,109.76,27.44,25.05,1,1,6,23
408,19.71,457.42,105.12,914.84,228.71,26.29,5,1,6,0
409,11.7,91.08,91.14,182.16,45.54,17.08,5,1,6,1
410,18.75,193.69,151.58,387.38,96.845,15.4,5,0,6,2
411,44.45,477.53,281.65,955.06,238.765,29.45,5,1,6,3
412,49.84,477.77,227.61,955.54,238.885,10.01,5,0,6,4
413,21.57,308.05,154.73,616.1,154.025,10.38,5,0,6,5
414,25.19,334.33,179.32,668.66,167.165,12.3,5,1,6,6
415,37.49,251.8,71.05,503.6,125.9,9.32,5,0,6,7
416,44.88,181.94,296.14,363.88,90.97,14.48,5,0,6,8
417,31.69,197.9,216.6,395.8,98.95,27.77,5,0,6,9
418,22.62,352.63,121.35,705.26,176.315,20.38,5,1,6,10
419,23.57,388.57,196.45,777.14,194.285,15.3,5,1,6,11
420,36.3,406.21,77.37,812.42,203.105,28.36,5,0,6,12
421,5.14,405.33,291.46,810.66,202.665,6.21,5,1,6,13
422,32.88,91.04,93.7,182.08,45.52,10.26,5,0,6,14
423,21.0,272.49,212.01,544.98,136.245,19.15,5,1,6,15
424,40.74,75.9,111.36,151.8,37.95,20.39,5,0,6,16
425,9.18,297.29,229.39,594.58,148.645,5.99,5,0,6,17
426,31.47,248.69,244.21,497.38,124.345,15.08,5,1,6,18
427,26.64,449.47,218.35,898.94,224.735,21.23,5,1,6,19
428,33.9,207.91,203.62,415.82,103.955,22.45,5,1,6,20
429,7.92,102.68,273.12,205.36,51.34,20.95,5,1,6,21
430,31.1,114.35,69.66,228.7,57.175,13.01,5,1,6,22
431,30.27,392.68,132.73,785.36,196.34,7.34,5,0,6,23
432,30.23,328.2,112.07,656.4,164.1,15.68,6,0,6,0
433,32.16,95.51,297.0,191.02,47.755,8.22,6,0,6,1
434,35.44,87.85,147.35,175.7,43.925,28.69,6,1,6,2
435,41.22,365.44,233.15,730.88,182.72,16.88,6,1,6,3
436,17.14,82.74,221.18,165.48,41.37,12.93,6,0,6,4
437,42.13,419.84,103.02,839.68,209.92,24.16,6,0,6,5
438,27.42,367.81,109.75,735.62,183.905,17.45,6,0,6,6
439,8.47,86.61,120.32,173.22,43.305,12.75,6,0,6,7
440,7.63,88.18,152.78,176.36,44.09,25.3,6,1,6,8
441,20.04,493.99,108.58,987.98,246.995,26.68,6,0,6,9
442,40.32,218.42,54.91,436.84,109.21,21.83,6,1,6,10
443,36.85,216.79,269.85,433.58,108.395,6.17,6,0,6,11
444,40.49,415.76,291.4,831.52,207.88,19.16,6,1,6,12
445,28.28,476.26,135.39,952.52,238.13,24.08,6,1,6,13
446,24.81,493.7,134.63,987.4,246.85,8.41,6,1,6,14
447,11.64,389.02,51.77,778.04,194.51,10.72,6,1,6,15
448,19.77,219.32,220.06,438.64,109.66,27.06,6,0,6,16
449,24.53,87.58,256.36,175.16,43.79,5.5,6,0,6,17
450,8.99,399.72,86.65,799.44,199.86,23.82,6,0,6,18
451,14.93,301.28,89.92,602.56,150.64,16.84,6,1,6,19
452,31.92,240.9,247.52,481.8,120.45,16.17,6,0,6,20
453,38.1,457.86,204.07,915.72,228.93,5.18,6,0,6,21
454,49.93,100.04,61.22,200.08,50.02,25.48,6,0,6,22
455,46.99,271.68,205.64,543.36,135.84,14.0,6,1,6,23
456,33.92,55.11,127.23,110.22,27.555,18.52,4,1,6,0
457,23.96,260.9,142.18,521.8,130.45,21.93,4,1,6,1
458,33.63,75.34,242.43,150.68,37.67,22.57,4,0,6,2
459,40.35,103.47,252.73,206.94,51.735,28.9,4,0,6,3
460,10.33,102.89,150.09,205.78,51.445,18.28,4,0,6,4
461,23.45,342.14,286.79,684.28,171.07,14.99,4,1,6,5
462,42.79,385.72,151.62,771.44,192.86,28.84,4,0,6,6
463,22.27,312.52,242.96,625.04,156.26,21.05,4,1,6,7
464,30.73,482.98,170.97,965.96,241.49,12.45,4,1,6,8
465,31.45,218.69,274.38,437.38,109.345,8.16,4,1,6,9
466,13.3,178.57,276.94,357.14,89.285,26.06,4,1,6,10
467,21.3,440.87,71.85,881.74,220.435,14.05,4,0,6,11
468,20.05,150.62,284.12,301.24,75.31,21.51,4,0,6,12
469,6.18,483.45,256.38,966.9,241.725,16.77,4,1,6,13
470,6.09,55.47,247.83,110.94,27.735,9.97,4,0,6,14
471,42.43,486.45,100.23,972.9,243.225,20.04,4,1,6,15
472,17.29,69.42,251.28,138.84,34.71,6.52,4,0,6,16
473,28.31,451.01,262.53,902.02,225.505,15.33,4,0,6,17
474,18.44,287.47,122.29,574.94,143.735,18.67,4,1,6,18
475,47.33,496.83,288.07,993.66,248.415,15.9,4,1,6,19
476,16.67,83.21,62.47,166.42,41.605,23.72,4,1,6,20
477,24.33,299.23,87.48,598.46,149.615,25.7,4,1,6,21
478,44.27,486.19,184.4,972.38,243.095,24.28,4,0,6,22
479,42.89,285.39,193.95,570.78,142.695,5.97,4,1,6,23
480,13.37,333.23,211.29,666.46,166.615,9.85,0,0,6,0
481,41.12,363.09,54.24,726.18,181.545,18.42,0,1,6,1
482,25.62,254.54,290.09,509.08,127.27,28.37,0,0,6,2
483,26.73,332.4,61.15,664.8,166.2,25.87,0,1,6,3
484,11.01,312.94,85.77,625.88,156.47,26.06,0,0,6,4
485,8.63,455.52,53.5,911.04,227.76,12.58,0,0,6,5
486,37.76,70.45,191.71,140.9,35.225,15.74,0,0,6,6
487,27.34,176.43,283.07,352.86,88.215,16.77,0,1,6,7
488,24.66,477.69,216.49,955.38,238.845,8.93,0,1,6,8
489,37.83,450.62,255.66,901.24,225.31,5.78,0,1,6,9
490,39.45,255.05,53.32,510.1,127.525,28.67,0,1,6,10
491,12.15,329.06,185.5,658.12,164.53,11.02,0,0,6,11
492,32.46,174.82,164.89,349.64,87.41,11.0,0,0,6,12
493,11.09,134.65,174.74,269.3,67.325,7.08,0,0,6,13
494,38.81,258.66,68.05,517.32,129.33,28.21,0,1,6,14
495,34.56,209.01,221.11,418.02,104.505,19.49,0,0,6,15
496,48.05,312.65,175.81,625.3,156.325,21.68,0,0,6,16
497,8.1,84.98,241.29,169.96,42.49,27.79,0,1,6,17
498,7.57,488.48,171.32,976.96,244.24,13.64,0,1,6,18
499,17.7,493.79,87.35,987.58,246.895,20.54,0,0,6,19
500,16.78,364.17,212.06,728.34,182.085,5.97,0,1,6,20
501,16.11,291.24,93.1,582.48,145.62,9.67,0,1,6,21
502,45.78,189.29,268.1,378.58,94.645,25.78,0,1,6,22
503,16.23,416.21,203.28,832.42,208.105,24.17,0,1,6,23
504,17.24,358.13,89.3,716.26,179.065,13.77,2,0,6,0
505,39.17,123.18,290.58,246.36,61.59,14.42,2,0,6,1
506,25.24,459.92,179.59,919.84,229.96,18.34,2,0,6,2
507,39.95,420.14,68.22,840.28,210.07,5.01,2,0,6,3
508,7.94,477.41,206.71,954.82,238.705,11.03,2,0,6,4
509,26.94,376.57,113.3,753.14,188.285,10.21,2,1,6,5
510,6.51,326.04,250.92,652.08,163.02,11.26,2,0,6,6
511,7.82,238.21,254.46,476.42,119.105,25.15,2,0,6,7
512,45.79,469.73,294.74,939.46,234.865,11.99,2,1,6,8
513,11.27,439.73,175.47,879.46,219.865,9.79,2,1,6,9
514,28.96,70.35,163.74,140.7,35.175,17.61,2,1,6,10
515,23.5,61.87,238.37,123.74,30.935,26.64,2,0,6,11
516,20.63,219.41,83.12,438.82,109.705,11.03,2,1,6,12
517,45.49,414.75,186.73,829.5,207.375,6.96,2,1,6,13
518,5.98,494.27,186.56,988.54,247.135,13.91,2,1,6,14
519,34.87,117.69,72.37,235.38,58.845,23.69,2,0,6,15
520,48.35,317.36,154.5,634.72,158.68,18.77,2,1,6,16
521,30.21,221.4,263.32,442.8,110.7,25.42,2,1,6,17
522,47.16,486.46,264.04,972.92,243.23,28.99,2,0,6,18
523,7.35,428.95,74.81,857.9,214.475,24.82,2,1,6,19
524,23.85,427.25,72.68,854.5,213.625,20.1,2,0,6,20
525,16.71,260.91,115.67,521.82,130.455,17.33,2,0,6,21
526,37.89,236.67,268.69,473.34,118.335,6.0,2,1,6,22
527,49.16,173.03,82.23,346.06,86.515,29.61,2,0,6,23
528,16.54,75.37,230.0,150.74,37.685,14.59,3,1,6,0
529,34.44,439.13,75.29,878.26,219.565,8.81,3,1,6,1
530,13.91,415.81,205.78,831.62,207.905,21.67,3,1,6,2
531,30.44,499.87,139.02,999.74,249.935,12.11,3,1,6,3
532,25.88,498.49,247.23,996.98,249.245,19.64,3,0,6,4
533,48.74,299.94,108.42,599.88,149.97,19.67,3,1,6,5
534,32.38,396.04,209.8,792.08,198.02,16.14,3,1,6,6
535,20.73,475.14,108.92,950.28,237.57,25.9,3,1,6,7
536,10.13,432.34,228.42,864.68,216.17,11.62,3,0,6,8
537,11.81,161.31,268.42,322.62,80.655,16.22,3,0,6,9
538,15.14,252.74,81.7,505.48,126.37,18.44,3,1,6,10
539,16.29,108.12,266.65,216.24,54.06,21.59,3,0,6,11
540,43.28,479.32,198.39,958.64,239.66,24.6,3,0,6,12
541,30.26,322.78,81.78,645.56,161.39,14.87,3,1,6,13
542,28.55,152.89,156.89,305.78,76.445,21.15,3,1,6,14
543,10.16,352.27,90.22,704.54,176.135,8.77,3,1,6,15
544,43.71,328.16,225.09,656.32,164.08,28.32,3,1,6,16
545,37.53,211.17,239.72,422.34,105.585,14.58,3,1,6,17
546,8.05,101.1,76.45,202.2,50.55,23.24,3,0,6,18
547,36.85,352.21,176.53,704.42,176.105,5.51,3,1,6,19
548,29.46,284.14,253.66,568.28,142.07,10.13,3,1,6,20
549,8.68,397.54,284.04,795.08,198.77,17.18,3,1,6,21
550,25.62,284.07,178.38,568.14,142.035,26.96,3,1,6,22
551,26.81,433.48,287.57,866.96,216.74,18.18,3,1,6,23
552,12.46,298.36,183.92,596.72,149.18,28.25,1,0,6,0
553,47.56,302.42,148.55,604.84,151.21,17.09,1,1,6,1
554,43.25,444.49,262.05,888.98,222.245,17.26,1,0,6,2
555,35.11,231.57,173.25,463.14,115.785,7.99,1,1,6,3
556,25.8,110.31,167.98,220.62,55.155,25.07,1,1,6,4
557,23.53,62.95,172.58,125.9,31.475,11.17,1,1,6,5
558,34.29,389.81,261.7,779.62,194.905,27.49,1,0,6,6
559,29.54,329.14,257.99,658.28,164.57,27.77,1,1,6,7
560,7.8,366.84,150.88,733.68,183.42,28.58,1,1,6,8
561,28.06,145.83,133.32,291.66,72.915,18.01,1,1,6,9
562,41.29,111.37,172.98,222.74,55.685,21.93,1,1,6,10
563,25.67,56.55,193.19,113.1,28.275,24.46,1,1,6,11
564,7.34,207.76,109.58,415.52,103.88,8.28,1,1,6,12
565,40.38,315.46,248.49,630.92,157.73,20.02,1,1,6,13
566,14.06,226.51,171.62,453.02,113.255,5.86,1,0,6,14
567,16.64,246.86,133.51,493.72,123.43,17.44,1,1,6,15
568,12.41,456.87,76.71,913.74,228.435,8.87,1,1,6,16
569,19.86,206.71,109.71,413.42,103.355,9.57,1,1,6,17
570,39.05,281.3,287.32,562.6,140.65,14.13,1,0,6,18
571,28.37,402.64,126.27,805.28,201.32,15.81,1,0,6,19
572,14.22,228.44,92.21,456.88,114.22,20.58,1,1,6,20
573,44.5,329.94,165.17,659.88,164.97,6.86,1,0,6,21
574,44.58,438.06,126.77,876.12,219.03,17.59,1,1,6,22
575,44.18,477.28,58.79,954.56,238.64,9.57,1,1,6,23
576,15.75,116.18,130.79,232.36,58.09,19.35,5,0,6,0
577,25.31,466.96,186.03,933.92,233.48,20.94,5,1,6,1
578,49.32,271.45,187.93,542.9,135.725,18.92,5,0,6,2
579,39.74,166.21,139.14,332.42,83.105,23.46,5,0,6,3
580,6.22,256.61,161.83,513.22,128.305,13.39,5,0,6,4
581,7.93,491.01,291.38,982.02,245.505,24.13,5,1,6,5
582,25.88,271.68,144.34,543.36,135.84,15.82,5,1,6,6
583,45.91,197.94,114.56,395.88,98.97,17.1,5,1,6,7
584,29.24,335.03,110.87,670.06,167.515,21.2,5,1,6,8
585,27.4,158.07,164.44,316.14,79.035,5.46,5,1,6,9
586,9.75,84.14,239.88,168.28,42.07,21.35,5,1,6,10
587,34.56,108.0,101.5,216.0,54.0,20.46,5,1,6,11
588,41.99,107.62,227.32,215.24,53.81,12.75,5,0,6,12
589,22.12,118.36,55.29,236.72,59.18,7.14,5,1,6,13
590,39.9,112.47,154.73,224.94,56.235,7.27,5,1,6,14
591,48.4,338.39,243.97,676.78,169.195,28.08,5,1,6,15
592,14.17,131.85,134.68,263.7,65.925,22.23,5,0,6,16
593,28.55,205.55,190.93,411.1,102.775,8.18,5,0,6,17
594,17.92,453.55,101.24,907.1,226.775,13.92,5,0,6,18
595,40.68,263.28,235.5,526.56,131.64,19.81,5,1,6,19
596,30.99,350.4,63.07,700.8,175.2,25.89,5,0,6,20
597,33.56,127.54,263.14,255.08,63.77,6.09,5,0,6,21
598,40.91,136.53,99.55,273.06,68.265,10.92,5,1,6,22
599,22.82,68.39,268.6,136.78,34.195,27.24,5,1,6,23
600,46.18,126.02,138.13,252.04,63.01,5.23,6,1,6,0
601,28.99,175.37,230.67,350.74,87.685,10.03,6,0,6,1
602,12.11,129.65,129.81,259.3,64.825,28.98,6,1,6,2
603,36.32,89.92,276.48,179.84,44.96,20.34,6,1,6,3
604,40.7,104.29,81.66,208.58,52.145,11.54,6,1,6,4
605,19.25,257.35,94.63,514.7,128.675,6.67,6,1,6,5
606,43.57,142.85,173.26,285.7,71.425,5.7,6,1,6,6
607,45.78,213.92,70.48,427.84,106.96,11.12,6,1,6,7
608,17.46,276.54,99.0,553.08,138.27,27.04,6,0,6,8
609,49.26,360.68,285.94,721.36,180.34,15.4,6,1,6,9
610,11.33,67.69,294.12,135.38,33.845,23.01,6,0,6,10
611,14.09,409.73,144.06,819.46,204.865,27.96,6,0,6,11
612,13.29,332.56,280.82,665.12,166.28,15.2,6,1,6,12
613,45.23,86.79,186.21,173.58,43.395,9.78,6,0,6,13
614,34.44,443.11,117.44,886.22,221.555,17.93,6,0,6,14
615,11.84,464.39,225.6,928.78,232.195,27.7,6,0,6,15
616,24.81,77.49,214.73,154.98,38.745,25.11,6,1,6,16
617,32.69,174.59,297.28,349.18,87.295,6.65,6,0,6,17
618,8.76,412.79,116.26,825.58,206.395,22.31,6,0,6,18
619,44.71,386.72,218.01,773.44,193.36,19.3,6,0,6,19
620,41.16,133.03,63.01,266.06,66.515,27.69,6,0,6,20
621,27.73,144.21,78.41,288.42,72.105,8.06,6,1,6,21
622,48.52,216.71,50.98,433.42,108.355,18.35,6,1,6,22
623,23.8,268.04,299.87,536.08,134.02,26.99,6,0,6,23
624,49.28,328.21,250.57,656.42,164.105,15.25,4,1,6,0
625,35.06,216.01,246.68,432.02,108.005,17.05,4,1,6,1
626,33.56,258.14,177.43,516.28,129.07,6.76,4,0,6,2
627,12.47,386.36,125.02,772.72,193.18,11.95,4,1,6,3
628,44.69,66.51,87.82,133.02,33.255,13.11,4,1,6,4
629,24.24,163.6,121.17,327.2,81.8,28.63,4,0,6,5
630,12.3,371.01,143.99,742.02,185.505,12.07,4,0,6,6
631,5.57,452.84,239.08,905.68,226.42,16.52,4,1,6,7
632,30.19,280.25,184.92,560.5,140.125,21.78,4,1,6,8
633,28.73,289.45,69.37,578.9,144.725,9.05,4,1,6,9
634,37.37,98.23,54.51,196.46,49.115,17.16,4,1,6,10
635,45.06,251.34,75.58,502.68,125.67,23.46,4,0,6,11
636,8.57,289.68,152.62,579.36,144.84,26.67,4,0,6,12
637,37.92,159.11,283.3,318.22,79.555,20.66,4,0,6,13
638,13.43,171.16,209.35,342.32,85.58,21.73,4,0,6,14
639,43.62,219.78,250.46,439.56,109.89,8.16,4,0,6,15
640,41.86,59.03,166.59,118.06,29.515,28.64,4,1,6,16
641,29.34,194.94,140.42,389.88,97.47,8.31,4,1,6,17
642,36.96,145.15,77.1,290.3,72.575,24.37,4,0,6,18
643,19.15,197.37,268.98,394.74,98.685,11.62,4,0,6,19
644,26.2,103.89,245.79,207.78,51.945,28.34,4,0,6,20
645,41.97,450.74,92.03,901.48,225.37,23.0,4,1,6,21
646,25.67,317.12,178.07,634.24,158.56,23.85,4,1,6,22
647,21.1,355.6,171.84,711.2,177.8,10.48,4,1,6,23
648,27.24,405.13,206.27,810.26,202.565,16.08,0,0,6,0
649,42.27,274.3,286.55,548.6,137.15,20.45,0,0,6,1
650,20.08,89.11,194.94,178.22,44.555,24.25,0,0,6,2
651,12.82,291.7,185.05,583.4,145.85,7.6,0,0,6,3
652,37.04,314.08,62.58,628.16,157.04,29.06,0,0,6,4
653,42.17,385.45,65.73,770.9,192.725,27.26,0,1,6,5
654,9.53,244.25,96.84,488.5,122.125,11.76,0,0,6,6
655,15.79,107.41,58.12,214.82,53.705,25.57,0,1,6,7
656,11.39,177.7,235.84,355.4,88.85,17.96,0,1,6,8
657,20.66,213.39,230.83,426.78,106.695,16.55,0,1,6,9
658,25.27,340.66,84.01,681.32,170.33,12.86,0,1,6,10
659,38.7,306.85,259.02,613.7,153.425,19.52,0,1,6,11
660,34.3,210.24,88.7,420.48,105.12,23.25,0,0,6,12
661,32.94,493.93,125.29,987.86,246.965,15.27,0,0,6,13
662,20.86,322.6,112.24,645.2,161.3,20.73,0,0,6,14
663,42.87,156.75,143.08,313.5,78.375,22.48,0,1,6,15
664,26.21,95.8,113.67,191.6,47.9,22.78,0,1,6,16
665,49.06,118.79,172.24,237.58,59.395,6.3,0,1,6,17
666,33.54,160.68,151.85,321.36,80.34,26.49,0,1,6,18
667,10.68,122.31,296.64,244.62,61.155,16.46,0,1,6,19
668,35.43,133.96,63.98,267.92,66.98,11.56,0,1,6,20
669,19.63,178.29,85.55,356.58,89.145,11.04,0,0,6,21
670,35.88,128.02,63.21,256.04,64.01,17.08,0,1,6,22
671,8.13,453.54,206.46,907.08,226.77,27.17,0,1,6,23
672,12.87,86.11,63.63,172.22,43.055,14.46,2,0,6,0
673,43.51,286.03,259.11,572.06,143.015,23.74,2,1,6,1
674,15.22,234.68,177.98,469.36,117.34,7.42,2,0,6,2
675,42.67,492.07,181.75,984.14,246.035,16.9,2,0,6,3
676,17.57,100.42,190.4,200.84,50.21,29.79,2,0,6,4
677,33.93,229.04,92.7,458.08,114.52,24.26,2,1,6,5
678,36.24,486.26,99.42,972.52,243.13,10.26,2,0,6,6
679,28.07,439.48,129.7,878.96,219.74,17.54,2,0,6,7
680,18.74,417.68,198.37,835.36,208.84,10.84,2,1,6,8
681,14.57,166.06,102.53,332.12,83.03,15.24,2,0,6,9
682,6.49,126.9,79.08,253.8,63.45,24.5,2,1,6,10
683,18.68,350.89,292.53,701.78,175.445,24.28,2,1,6,11
684,34.39,468.22,55.5,936.44,234.11,10.7,2,0,6,12
685,47.22,300.54,250.67,601.08,150.27,28.06,2,1,6,13
686,44.2,307.23,247.01,614.46,153.615,19.81,2,1,6,14
687,39.47,175.99,124.3,351.98,87.995,14.5,2,0,6,15
688,40.48,396.27,83.91,792.54,198.135,17.55,2,0,6,16
689,34.92,134.17,86.41,268.34,67.085,20.13,2,0,6,17
690,16.71,195.66,224.36,391.32,97.83,19.0,2,0,6,18
691,45.82,241.45,210.7,482.9,120.725,17.16,2,1,6,19
692,35.18,278.42,245.69,556.84,139.21,17.62,2,0,6,20
693,30.22,159.08,284.37,318.16,79.54,9.41,2,0,6,21
694,9.99,101.68,222.98,203.36,50.84,25.32,2,0,6,22
695,25.12,324.78,88.96,649.56,162.39,18.54,2,1,6,23
696,25.72,179.88,110.86,359.76,89.94,8.28,3,1,6,0
697,43.91,311.56,260.55,623.12,155.78,24.15,3,1,6,1
698,29.6,119.46,102.33,238.92,59.73,28.31,3,1,6,2
699,22.12,266.51,68.13,533.02,133.255,28.68,3,1,6,3
700,48.96,289.67,225.82,579.34,144.835,14.23,3,0,6,4
701,9.98,73.32,150.63,146.64,36.66,8.39,3,1,6,5
702,24.01,201.47,280.01,402.94,100.735,17.96,3,1,6,6
703,6.89,110.49,212.56,220.98,55.245,7.82,3,1,6,7
704,38.3,78.52,72.6,157.04,39.26,28.35,3,0,6,8
705,46.31,495.48,286.96,990.96,247.74,9.59,3,0,6,9
706,17.6,195.06,114.64,390.12,97.53,11.32,3,1,6,10
707,43.63,414.44,134.3,828.88,207.22,15.17,3,0,6,11
708,18.15,164.59,150.57,329.18,82.295,14.58,3,1,6,12
709,45.98,356.68,62.81,713.36,178.34,24.87,3,0,6,13
710,38.93,392.1,174.13,784.2,196.05,16.41,3,0,6,14
711,41.22,318.04,80.83,636.08,159.02,9.27,3,1,6,15
712,5.81,262.21,150.24,524.42,131.105,11.68,3,0,6,16
713,48.33,235.33,137.68,470.66,117.665,17.73,3,1,6,17
714,37.7,206.99,243.21,413.98,103.495,8.69,3,1,6,18
715,18.71,468.29,250.79,936.58,234.145,20.29,3,1,6,19
716,42.32,423.78,88.35,847.56,211.89,19.14,3,0,6,20
717,17.67,484.26,141.64,968.52,242.13,22.87,3,0,6,21
718,44.27,105.93,143.34,211.86,52.965,28.44,3,1,6,22
719,10.07,378.89,87.85,757.78,189.445,27.81,3,1,6,23
720,36.67,472.25,249.61,944.5,236.125,28.65,1,0,7,0
721,29.33,131.55,226.81,263.1,65.775,11.12,1,1,7,1
722,9.34,79.92,97.6,159.84,39.96,8.29,1,0,7,2
723,15.89,383.5,141.68,767.0,191.75,12.56,1,0,7,3
724,5.56,308.51,76.45,617.02,154.255,27.38,1,0,7,4
725,26.09,428.82,207.05,857.64,214.41,29.3,1,1,7,5
726,18.56,112.9,80.34,225.8,56.45,26.48,1,1,7,6
727,31.93,407.87,296.48,815.74,203.935,7.75,1,0,7,7
728,18.38,140.73,245.17,281.46,70.365,28.69,1,1,7,8
729,18.5,123.65,147.56,247.3,61.825,15.58,1,1,7,9
730,38.44,123.92,194.64,247.84,61.96,5.23,1,0,7,10
731,7.17,416.56,277.84,833.12,208.28,16.06,1,0,7,11
732,45.63,349.34,188.52,698.68,174.67,6.15,1,1,7,12
733,43.35,285.38,93.62,570.76,142.69,18.6,1,0,7,13
734,35.05,211.47,144.68,422.94,105.735,13.46,1,1,7,14
735,31.69,444.74,260.79,889.48,222.37,16.84,1,0,7,15
736,45.15,226.6,211.05,453.2,113.3,20.33,1,0,7,16
737,13.34,417.47,212.68,834.94,208.735,26.72,1,1,7,17
738,8.55,247.61,266.71,495.22,123.805,21.55,1,1,7,18
739,15.78,219.62,273.49,439.24,109.81,15.85,1,1,7,19
740,40.76,258.21,279.95,516.42,129.105,25.49,1,1,7,20
741,6.56,185.62,73.71,371.24,92.81,27.64,1,1,7,21
742,31.23,386.42,186.03,772.84,193.21,7.99,1,0,7,22
743,49.79,276.22,235.13,552.44,138.11,18.3,1,0,7,23
744,43.51,154.5,239.23,309.0,77.25,12.11,5,1,7,0
745,28.47,454.81,201.68,909.62,227.405,6.18,5,0,7,1
746,7.86,222.75,91.7,445.5,111.375,21.71,5,1,7,2
747,42.41,294.6,249.36,589.2,147.3,26.57,5,0,7,3
748,31.95,457.91,230.03,915.82,228.955,9.07,5,0,7,4
749,10.17,330.91,71.53,661.82,165.455,25.31,5,1,7,5
750,9.22,102.6,165.95,205.2,51.3,26.33,5,1,7,6
751,45.93,472.92,93.49,945.84,236.46,27.86,5,1,7,7
752,35.11,332.47,134.37,664.94,166.235,11.63,5,0,7,8
753,42.32,200.71,54.52,401.42,100.355,27.6,5,1,7,9
754,44.55,112.67,150.08,225.34,56.335,13.02,5,1,7,10
755,30.73,407.31,187.47,814.62,203.655,18.81,5,1,7,11
756,28.29,329.03,204.9,658.06,164.515,6.26,5,1,7,12
757,24.37,290.06,215.87,580.12,145.03,6.1,5,1,7,13
758,19.26,452.25,259.07,904.5,226.125,23.01,5,1,7,14
759,24.56,404.87,103.87,809.74,202.435,16.11,5,0,7,15
760,39.82,118.25,80.12,236.5,59.125,11.41,5,0,7,16
761,32.09,190.27,262.88,380.54,95.135,9.76,5,0,7,17
762,45.16,161.82,89.15,323.64,80.91,21.75,5,0,7,18
763,24.95,384.78,293.69,769.56,192.39,5.01,5,1,7,19
764,32.32,65.09,260.63,130.18,32.545,25.15,5,1,7,20
765,33.41,306.45,175.22,612.9,153.225,6.98,5,0,7,21
766,31.63,393.11,295.36,786.22,196.555,9.79,5,0,7,22
767,36.62,444.54,74.34,889.08,222.27,14.66,5,0,7,23
768,15.68,203.94,125.77,407.88,101.97,17.12,6,1,7,0
769,28.06,419.57,209.56,839.14,209.785,13.87,6,1,7,1
770,9.69,99.78,137.5,199.56,49.89,13.02,6,1,7,2
771,22.3,430.9,282.09,861.8,215.45,29.1,6,0,7,3
772,26.95,107.37,66.41,214.74,53.685,21.04,6,0,7,4
773,34.35,228.78,187.35,457.56,114.39,5.59,6,0,7,5
774,47.77,408.78,197.72,817.56,204.39,15.75,6,0,7,6
775,32.03,117.46,213.18,234.92,58.73,26.88,6,0,7,7
776,38.46,153.16,113.92,306.32,76.58,12.54,6,1,7,8
777,27.78,375.01,141.14,750.02,187.505,7.36,6,1,7,9
778,33.53,374.02,260.92,748.04,187.01,23.96,6,1,7,10
779,8.19,338.52,98.74,677.04,169.26,20.15,6,1,7,11
780,16.45,362.28,256.72,724.56,181.14,19.26,6,1,7,12
781,21.28,294.23,190.66,588.46,147.115,6.34,6,0,7,13
782,26.26,163.31,240.55,326.62,81.655,8.51,6,1,7,14
783,7.05,205.56,228.4,411.12,102.78,20.56,6,0,7,15
784,11.3,131.72,101.88,263.44,65.86,10.2,6,1,7,16
785,17.46,458.8,192.2,917.6,229.4,17.6,6,0,7,17
786,48.72,312.53,266.93,625.06,156.265,18.62,6,0,7,18
787,19.91,230.38,158.03,460.76,115.19,12.09,6,0,7,19
788,26.69,257.9,291.65,515.8,128.95,28.71,6,0,7,20
789,13.82,476.28,163.05,952.56,238.14,26.06,6,0,7,21
790,32.49,119.01,85.7,238.02,59.505,23.06,6,0,7,22
791,17.63,313.8,147.36,627.6,156.9,6.95,6,1,7,23
792,14.31,277.65,287.93,555.3,138.825,7.65,4,0,7,0
793,28.25,325.15,129.93,650.3,162.575,17.32,4,0,7,1
794,5.25,58.15,267.02,116.3,29.075,9.02,4,1,7,2
795,5.34,442.46,270.31,884.92,221.23,29.46,4,0,7,3
796,14.86,469.45,137.55,938.9,234.725,8.96,4,1,7,4
797,6.65,304.31,70.81,608.62,152.155,17.19,4,1,7,5
798,9.86,363.49,231.14,726.98,181.745,14.1,4,0,7,6
799,20.25,465.12,127.88,930.24,232.56,20.98,4,0,7,7
800,41.12,368.26,245.73,736.52,184.13,8.23,4,1,7,8
801,30.74,118.64,160.66,237.28,59.32,15.76,4,0,7,9
802,28.07,309.33,171.32,618.66,154.665,11.87,4,1,7,10
803,18.21,323.02,244.48,646.04,161.51,27.19,4,0,7,11
804,46.93,240.86,145.59,481.72,120.43,6.01,4,1,7,12
805,22.87,381.4,160.78,762.8,190.7,27.84,4,0,7,13
806,8.92,470.47,144.05,940.94,235.235,25.82,4,0,7,14
807,32.77,466.51,141.84,933.02,233.255,12.44,4,1,7,15
808,10.12,252.88,181.49,505.76,126.44,24.73,4,1,7,16
809,20.54,100.96,252.2,201.92,50.48,5.78,4,1,7,17
810,27.83,493.18,140.44,986.36,246.59,29.17,4,1,7,18
811,44.34,427.5,181.06,855.0,213.75,18.16,4,0,7,19
812,27.21,106.1,217.68,212.2,53.05,12.58,4,1,7,20
813,36.6,464.38,117.36,928.76,232.19,14.06,4,1,7,21
814,49.68,441.45,119.38,882.9,220.725,6.66,4,0,7,22
815,10.92,283.48,283.35,566.96,141.74,29.73,4,0,7,23
816,17.36,316.07,230.88,632.14,158.035,5.98,0,1,7,0
817,22.76,229.55,194.3,459.1,114.775,21.37,0,0,7,1
818,23.98,74.64,211.93,149.28,37.32,16.07,0,1,7,2
819,23.5,200.84,57.32,401.68,100.42,28.72,0,0,7,3
820,45.84,411.28,204.53,822.56,205.64,11.15,0,1,7,4
821,37.13,52.08,177.38,104.16,26.04,18.3,0,0,7,5
822,32.36,200.07,186.44,400.14,100.035,17.06,0,1,7,6
823,18.92,229.18,139.86,458.36,114.59,22.57,0,1,7,7
824,42.07,291.83,70.37,583.66,145.915,6.7,0,0,7,8
825,47.98,463.94,98.33,927.88,231.97,9.84,0,0,7,9
826,41.95,205.86,287.69,411.72,102.93,10.36,0,1,7,10
827,5.07,206.13,152.17,412.26,103.065,23.45,0,1,7,11
828,33.64,381.88,166.67,763.76,190.94,9.73,0,0,7,12
829,7.3,253.5,63.18,507.0,126.75,19.34,0,0,7,13
830,16.59,151.07,59.39,302.14,75.535,10.38,0,0,7,14
831,7.68,253.6,229.3,507.2,126.8,26.54,0,0,7,15
832,32.17,113.39,184.52,226.78,56.695,28.55,0,0,7,16
833,35.9,129.37,177.18,258.74,64.685,17.96,0,0,7,17
834,10.15,274.27,110.78,548.54,137.135,13.81,0,0,7,18
835,22.27,238.52,236.19,477.04,119.26,10.85,0,0,7,19
836,25.53,461.68,92.06,923.36,230.84,6.24,0,0,7,20
837,21.61,213.08,97.48,426.16,106.54,11.71,0,1,7,21
838,10.45,311.26,165.18,622.52,155.63,21.36,0,0,7,22
839,23.85,334.52,121.57,669.04,167.26,18.34,0,0,7,23
840,38.8,55.89,111.87,111.78,27.945,28.6,2,1,7,0
841,8.2,348.59,211.31,697.18,174.295,14.91,2,1,7,1
842,8.61,130.12,212.74,260.24,65.06,22.35,2,1,7,2
843,20.96,482.48,256.13,964.96,241.24,17.23,2,1,7,3
844,47.38,116.9,154.43,233.8,58.45,17.81,2,1,7,4
845,35.09,236.58,68.27,473.16,118.29,11.69,2,1,7,5
846,35.54,88.41,118.42,176.82,44.205,16.37,2,0,7,6
847,21.29,498.59,295.0,997.18,249.295,16.77,2,1,7,7
848,31.71,275.99,199.06,551.98,137.995,22.67,2,1,7,8
849,5.46,317.92,227.43,635.84,158.96,28.52,2,1,7,9
850,33.62,80.18,51.84,160.36,40.09,13.23,2,0,7,10
851,46.1,387.48,179.55,774.96,193.74,6.06,2,1,7,11
852,32.57,144.46,59.38,288.92,72.23,17.41,2,0,7,12
853,44.32,454.12,192.31,908.24,227.06,18.61,2,1,7,13
854,37.58,142.31,280.19,284.62,71.155,9.21,2,1,7,14
855,10.43,135.81,292.1,271.62,67.905,24.01,2,0,7,15
856,45.61,66.45,185.14,132.9,33.225,29.62,2,0,7,16
857,7.99,262.43,164.55,524.86,131.215,28.64,2,1,7,17
858,29.03,304.18,286.25,608.36,152.09,9.93,2,0,7,18
859,11.4,79.57,218.4,159.14,39.785,26.88,2,0,7,19
860,5.53,398.99,66.22,797.98,199.495,22.61,2,1,7,20
861,23.99,253.98,166.43,507.96,126.99,16.35,2,1,7,21
862,18.28,285.98,110.06,571.96,142.99,18.52,2,1,7,22
863,26.87,248.34,167.45,496.68,124.17,26.24,2,0,7,23
864,30.97,230.34,163.87,460.68,115.17,17.0,3,1,7,0
865,6.97,301.84,195.54,603.68,150.92,14.33,3,1,7,1
866,10.54,119.86,139.19,239.72,59.93,17.33,3,0,7,2
867,30.14,131.87,91.07,263.74,65.935,19.48,3,0,7,3
868,20.44,437.8,175.93,875.6,218.9,9.73,3,1,7,4
869,37.81,475.75,257.55,951.5,237.875,27.52,3,0,7,5
870,34.35,217.99,216.0,435.98,108.995,21.85,3,1,7,6
871,43.05,171.84,134.59,343.68,85.92,20.83,3,0,7,7
872,36.16,339.8,283.88,679.6,169.9,7.49,3,1,7,8
873,24.35,233.93,278.05,467.86,116.965,20.1,3,0,7,9
874,35.28,61.42,102.34,122.84,30.71,8.02,3,0,7,10
875,17.39,120.27,59.85,240.54,60.135,6.97,3,0,7,11
876,18.78,372.19,235.33,744.38,186.095,18.18,3,0,7,12
877,40.5,346.52,256.9,693.04,173.26,15.07,3,1,7,13
878,25.09,62.19,291.97,124.38,31.095,19.72,3,0,7,14
879,40.93,149.89,272.46,299.78,74.945,7.23,3,1,7,15
880,42.01,153.98,200.13,307.96,76.99,15.77,3,0,7,16
881,43.59,352.35,182.51,704.7,176.175,9.37,3,0,7,17
882,46.25,58.87,56.96,117.74,29.435,29.68,3,1,7,18
883,24.39,96.85,111.66,193.7,48.425,19.03,3,0,7,19
884,19.35,409.96,164.9,819.92,204.98,22.19,3,0,7,20
885,31.2,130.35,207.13,260.7,65.175,13.14,3,1,7,21
886,21.7,343.74,189.31,687.48,171.87,7.37,3,0,7,22
887,32.05,157.18,235.66,314.36,78.59,29.4,3,1,7,23
888,36.75,94.75,119.94,189.5,47.375,12.16,1,0,7,0
889,35.98,159.43,191.24,318.86,79.715,15.6,1,0,7,1
890,21.85,375.02,72.04,750.04,187.51,21.25,1,0,7,2
891,12.51,435.06,153.42,870.12,217.53,5.62,1,1,7,3
892,24.37,423.6,237.54,847.2,211.8,25.26,1,0,7,4
893,11.42,228.73,223.35,457.46,114.365,18.41,1,0,7,5
894,45.05,350.64,297.66,701.28,175.32,11.96,1,0,7,6
895,20.56,142.24,119.47,284.48,71.12,6.54,1,0,7,7
896,11.95,181.92,174.55,363.84,90.96,9.06,1,0,7,8
897,6.15,453.35,132.38,906.7,226.675,27.38,1,0,7,9
898,34.06,55.85,160.15,111.7,27.925,22.15,1,0,7,10
899,33.66,88.48,264.24,176.96,44.24,11.25,1,0,7,11
900,20.33,143.55,221.05,287.1,71.775,6.64,1,0,7,12
901,8.23,61.94,270.61,123.88,30.97,22.27,1,1,7,13
902,23.43,131.65,100.88,263.3,65.825,19.31,1,0,7,14
903,19.0,312.37,268.34,624.74,156.185,15.11,1,1,7,15
904,35.47,239.64,64.94,479.28,119.82,14.09,1,1,7,16
905,32.26,451.7,272.15,903.4,225.85,10.42,1,1,7,17
906,21.41,417.85,132.27,835.7,208.925,21.74,1,0,7,18
907,14.81,203.82,128.65,407.64,101.91,29.27,1,1,7,19
908,49.46,166.74,178.02,333.48,83.37,9.39,1,1,7,20
909,25.43,220.86,285.17,441.72,110.43,19.93,1,1,7,21
910,35.97,315.63,61.95,631.26,157.815,15.6,1,0,7,22
911,11.32,170.63,138.06,341.26,85.315,16.17,1,1,7,23
912,26.85,330.87,264.14,661.74,165.435,11.35,5,0,7,0
913,6.24,234.24,149.01,468.48,117.12,25.63,5,1,7,1
914,27.75,298.42,99.79,596.84,149.21,17.13,5,1,7,2
915,48.38,246.26,156.2,492.52,123.13,18.59,5,0,7,3
916,22.29,182.51,146.39,365.02,91.255,12.62,5,0,7,4
917,6.75,476.8,278.85,953.6,238.4,9.55,5,1,7,5
918,6.39,393.62,240.48,787.24,196.81,7.15,5,1,7,6
919,22.46,113.05,176.28,226.1,56.525,22.85,5,1,7,7
920,12.2,440.81,297.09,881.62,220.405,9.91,5,0,7,8
921,6.05,269.34,166.32,538.68,134.67,22.25,5,0,7,9
922,39.03,452.55,64.56,905.1,226.275,14.76,5,1,7,10
923,25.63,409.93,115.57,819.86,204.965,15.39,5,1,7,11
924,18.02,241.35,159.02,482.7,120.675,16.73,5,0,7,12
925,45.5,60.11,89.23,120.22,30.055,14.19,5,0,7,13
926,10.23,170.9,286.89,341.8,85.45,7.52,5,1,7,14
927,48.02,293.74,241.71,587.48,146.87,12.74,5,0,7,15
928,19.13,335.07,117.07,670.14,167.535,21.59,5,1,7,16
929,44.98,166.05,197.7,332.1,83.025,21.64,5,0,7,17
930,32.13,112.71,230.36,225.42,56.355,12.16,5,1,7,18
931,42.2,425.72,285.32,851.44,212.86,16.5,5,1,7,19
932,49.28,492.98,270.41,985.96,246.49,9.84,5,1,7,20
933,17.98,286.56,178.8,573.12,143.28,10.26,5,0,7,21
934,48.25,127.26,243.66,254.52,63.63,5.58,5,1,7,22
935,22.53,172.54,190.54,345.08,86.27,27.42,5,1,7,23
936,22.35,58.28,188.18,116.56,29.14,10.27,6,0,7,0
937,20.32,461.43,78.69,922.86,230.715,10.69,6,1,7,1
938,29.36,102.99,81.53,205.98,51.495,11.99,6,1,7,2
939,11.94,309.43,182.38,618.86,154.715,8.19,6,1,7,3
940,29.92,173.32,117.22,346.64,86.66,20.98,6,0,7,4
941,29.38,299.38,55.26,598.76,149.69,6.88,6,0,7,5
942,39.29,343.14,230.71,686.28,171.57,8.36,6,0,7,6
943,42.51,423.38,58.12,846.76,211.69,21.12,6,0,7,7
944,24.82,142.89,198.82,285.78,71.445,13.49,6,1,7,8
945,18.6,54.95,184.8,109.9,27.475,22.7,6,0,7,9
946,16.67,111.6,292.2,223.2,55.8,18.94,6,0,7,10
947,13.76,455.01,171.05,910.02,227.505,11.4,6,0,7,11
948,7.59,443.25,65.9,886.5,221.625,21.27,6,1,7,12
949,20.41,318.84,187.92,637.68,159.42,7.91,6,1,7,13
950,17.16,320.23,260.27,640.46,160.115,18.41,6,1,7,14
951,48.49,349.27,299.21,698.54,174.635,15.93,6,0,7,15
952,30.1,128.92,157.59,257.84,64.46,11.7,6,1,7,16
953,20.63,461.49,130.07,922.98,230.745,20.1,6,1,7,17
954,31.12,238.45,276.66,476.9,119.225,26.78,6,0,7,18
955,11.26,222.41,97.81,444.82,111.205,29.97,6,1,7,19
956,24.98,283.51,203.86,567.02,141.755,20.19,6,0,7,20
957,33.18,71.13,151.43,142.26,35.565,15.12,6,0,7,21
958,27.0,124.83,60.27,249.66,62.415,10.63,6,1,7,22
959,23.08,382.12,136.82,764.24,191.06,11.43,6,0,7,23
960,49.72,87.26,116.31,174.52,43.63,16.99,4,0,7,0
961,44.61,321.42,221.52,642.84,160.71,14.18,4,0,7,1
962,33.05,160.41,287.2,320.82,80.205,27.85,4,0,7,2
963,30.62,225.18,117.01,450.36,112.59,14.21,4,0,7,3
964,32.93,179.91,252.87,359.82,89.955,14.34,4,0,7,4
965,14.06,210.05,63.84,420.1,105.025,14.59,4,1,7,5
966,22.78,373.57,184.53,747.14,186.785,25.92,4,0,7,6
967,6.78,183.7,67.64,367.4,91.85,21.27,4,0,7,7
968,26.4,304.88,283.51,609.76,152.44,20.35,4,0,7,8
969,29.44,264.22,241.59,528.44,132.11,13.35,4,0,7,9
970,15.25,348.65,214.49,697.3,174.325,25.45,4,1,7,10
971,48.38,471.57,255.97,943.14,235.785,5.96,4,1,7,11
972,45.93,379.66,211.88,759.32,189.83,26.77,4,0,7,12
973,37.5,146.72,292.24,293.44,73.36,17.82,4,1,7,13
974,29.0,64.03,228.49,128.06,32.015,14.96,4,0,7,14
975,44.15,168.02,281.16,336.04,84.01,17.43,4,0,7,15
976,10.88,317.79,179.28,635.58,158.895,21.69,4,0,7,16
977,40.57,73.14,79.27,146.28,36.57,5.32,4,0,7,17
978,10.62,273.36,182.04,546.72,136.68,26.79,4,1,7,18
979,40.74,318.58,81.72,637.16,159.29,16.17,4,1,7,19
980,17.41,200.41,198.12,400.82,100.205,13.57,4,0,7,20
981,44.47,396.91,170.62,793.82,198.455,8.46,4,0,7,21
982,47.48,97.97,205.64,195.94,48.985,15.99,4,1,7,22
983,11.7,83.81,52.51,167.62,41.905,17.41,4,1,7,23
984,25.82,377.68,98.71,755.36,188.84,15.09,0,0,7,0
985,49.14,272.97,172.83,545.94,136.485,21.97,0,1,7,1
986,26.75,359.78,287.63,719.56,179.89,15.52,0,0,7,2
987,43.86,245.67,145.9,491.34,122.835,29.04,0,1,7,3
988,31.49,160.88,156.09,321.76,80.44,19.98,0,1,7,4
989,21.89,418.6,228.67,837.2,209.3,25.19,0,1,7,5
990,17.86,409.74,200.95,819.48,204.87,7.73,0,1,7,6
991,14.15,362.61,124.73,725.22,181.305,14.93,0,0,7,7
992,39.28,172.47,152.7,344.94,86.235,13.42,0,0,7,8
993,22.39,315.6,104.42,631.2,157.8,19.24,0,1,7,9
994,28.01,212.44,291.51,424.88,106.22,26.53,0,0,7,10
995,27.15,91.21,82.66,182.42,45.605,6.96,0,1,7,11
996,30.98,462.79,142.96,925.58,231.395,6.81,0,1,7,12
997,43.95,111.57,56.46,223.14,55.785,26.26,0,0,7,13
998,49.13,477.61,105.44,955.22,238.805,10.32,0,0,7,14
999,23.34,250.7,245.12,501.4,125.35,21.72,0,0,7,15
